id,name,address,city,state,phone,email,date_of_birth
1,John Smith,123 Main St,Los Angeles,CA,555-0101,john.smith@email.com,1980-05-12
2,Jane Doe,456 Oak Ave,New York,NY,555-0102,jane.doe@email.com,1975-08-23
3,Robert Brown,789 Pine Rd,Miami,FL,555-0103,robert.brown@email.com,1990-02-17
4,Linda White,321 Maple St,Chicago,IL,555-0104,linda.white@email.com,1985-11-30
5,Michael Green,654 Elm St,Philadelphia,PA,555-0105,michael.green@email.com,1978-07-09
6,Patricia Black,111 Cedar St,Columbus,OH,555-0106,patricia.black@email.com,1982-04-21
7,David Clark,222 Spruce St,Atlanta,GA,555-0107,david.clark@email.com,1987-09-14
8,Susan Lewis,333 Birch St,Charlotte,NC,555-0108,susan.lewis@email.com,1991-12-05
9,James Hall,444 Walnut St,Detroit,MI,555-0109,james.hall@email.com,1979-03-28
10,Barbara Young,555 Chestnut St,Seattle,WA,555-0110,barbara.young@email.com,1983-06-17
11,William King,666 Aspen St,Boston,MA,555-0111,william.king@email.com,1986-10-22
12,Elizabeth Scott,777 Poplar St,Denver,CO,555-0112,elizabeth.scott@email.com,1993-01-30
13,Richard Adams,888 Cypress St,Phoenix,AZ,555-0113,richard.adams@email.com,1981-08-11
14,Karen Baker,999 Redwood St,Newark,NJ,555-0114,karen.baker@email.com,1977-05-19
15,Charles Nelson,1010 Willow St,Virginia Beach,VA,555-0115,charles.nelson@email.com,1989-02-25
16,Nancy Carter,1111 Magnolia St,Indianapolis,IN,555-0116,nancy.carter@email.com,1984-07-13
17,Joseph Mitchell,1212 Sycamore St,St. Louis,MO,555-0117,joseph.mitchell@email.com,1992-11-03
18,Betty Perez,1313 Dogwood St,Nashville,TN,555-0118,betty.perez@email.com,1976-09-27
19,Thomas Roberts,1414 Hickory St,Minneapolis,MN,555-0119,thomas.roberts@email.com,1988-04-08
20,Mary Turner,1515 Fir St,Milwaukee,WI,555-0120,mary.turner@email.com,1985-12-21
21,Christopher Phillips,1616 Alder St,Portland,OR,555-0121,christopher.phillips@email.com,1983-03-16
22,Lisa Campbell,1717 Beech St,Oklahoma City,OK,555-0122,lisa.campbell@email.com,1990-06-29
23,Daniel Parker,1818 Hemlock St,Columbia,SC,555-0123,daniel.parker@email.com,1978-08-12
24,Sandra Evans,1919 Juniper St,Birmingham,AL,555-0124,sandra.evans@email.com,1986-05-04
25,Matthew Edwards,2020 Larch St,New Orleans,LA,555-0125,matthew.edwards@email.com,1982-10-15
26,Donna Collins,2121 Palm St,Baltimore,MD,555-0126,donna.collins@email.com,1991-07-07
27,Anthony Stewart,2222 Pinecone St,Bridgeport,CT,555-0127,anthony.stewart@email.com,1980-01-18
28,Carol Sanchez,2323 Quince St,Des Moines,IA,555-0128,carol.sanchez@email.com,1987-09-30
29,Mark Morris,2424 Sassafras St,Wichita,KS,555-0129,mark.morris@email.com,1979-04-23
30,Ruth Rogers,2525 Tamarack St,Salt Lake City,UT,555-0130,ruth.rogers@email.com,1984-08-19
31,Steven Reed,2626 Umbrella St,Houston,TX,555-0131,steven.reed@email.com,1992-05-11
32,Michelle Cook,2727 Vine St,San Francisco,CA,555-0132,michelle.cook@email.com,1981-12-28
33,Edward Morgan,2828 Walnut St,Portland,OR,555-0133,edward.morgan@email.com,1986-03-09
34,Kimberly Bell,2929 Yew St,Las Vegas,NV,555-0134,kimberly.bell@email.com,1977-06-22
35,Paul Murphy,3030 Zelkova St,Charlotte,NC,555-0135,paul.murphy@email.com,1989-09-15
36,Deborah Bailey,3131 Acacia St,Columbus,OH,555-0136,debora.bailey@email.com,1983-11-27
37,Jason Rivera,3232 Buckeye St,Indianapolis,IN,555-0137,jason.rivera@email.com,1991-02-02
38,Shirley Cooper,3333 Catalpa St,Jacksonville,FL,555-0138,shirley.cooper@email.com,1980-07-24
39,Jeffrey Richardson,3434 Date St,Memphis,TN,555-0139,jeffrey.richardson@email.com,1987-10-31
40,Amy Cox,3535 Elder St,Baltimore,MD,555-0140,amy.cox@email.com,1978-03-05
41,Ryan Howard,3636 Fig St,Milwaukee,WI,555-0141,ryan.howard@email.com,1985-06-18
42,Angela Ward,3737 Gum St,Albuquerque,NM,555-0142,angela.ward@email.com,1982-09-21
43,Jacob Torres,3838 Hawthorn St,Denver,CO,555-0143,jacob.torres@email.com,1990-12-13
44,Brenda Peterson,3939 Ironwood St,Seattle,WA,555-0144,brenda.peterson@email.com,1976-05-26
45,Joshua Gray,4040 Jasmine St,Washington,DC,555-0145,joshua.gray@email.com,1988-08-08
46,Laura Ramirez,4141 Koa St,Boise,ID,555-0146,laura.ramirez@email.com,1984-01-29
47,Kevin James,4242 Linden St,Anchorage,AK,555-0147,kevin.james@email.com,1992-04-20
48,Rebecca Watson,4343 Maple St,Honolulu,HI,555-0148,rebecca.watson@email.com,1981-07-02
49,Eric Brooks,4444 Nutmeg St,Manchester,NH,555-0149,eric.brooks@email.com,1986-10-13
50,Emily Turner,4545 Olive St,Providence,RI,555-0150,emily.turner@email.com,1992-03-15
51,Frank Foster,4646 Palm St,Little Rock,AR,555-0151,frank.foster@email.com,1980-06-11
52,Grace Simmons,4747 Quince St,Des Moines,IA,555-0152,grace.simmons@email.com,1987-08-22
53,Henry Butler,4848 Sassafras St,Sioux Falls,SD,555-0153,henry.butler@email.com,1979-09-30
54,Irene Bryant,4949 Tamarack St,Billings,MT,555-0154,irene.bryant@email.com,1984-10-18
55,Jack Russell,5050 Umbrella St,Fargo,ND,555-0155,jack.russell@email.com,1992-11-25
56,Kelly Griffin,5151 Vine St,Portland,ME,555-0156,kelly.griffin@email.com,1981-01-14
57,Larry Hayes,5252 Walnut St,Burlington,VT,555-0157,larry.hayes@email.com,1986-02-27
58,Megan Price,5353 Yew St,Cheyenne,WY,555-0158,megan.price@email.com,1977-03-19
59,Nathan Wood,5454 Zelkova St,Charleston,WV,555-0159,nathan.wood@email.com,1989-04-23
60,Olivia Stone,5555 Acacia St,Manchester,CT,555-0160,olivia.stone@email.com,1983-05-17
61,Peter Barnes,5656 Buckeye St,Newark,NJ,555-0161,peter.barnes@email.com,1991-06-29
62,Quinn Fox,5757 Catalpa St,Las Cruces,NM,555-0162,quinn.fox@email.com,1980-07-12
63,Rachel Hunt,5858 Date St,Boise,ID,555-0163,rachel.hunt@email.com,1987-08-25
64,Samuel Lane,5959 Elder St,Missoula,MT,555-0164,samuel.lane@email.com,1978-09-30
65,Tina Miles,6060 Fig St,Anchorage,AK,555-0165,tina.miles@email.com,1984-10-18
66,Victor Nash,6161 Gum St,Honolulu,HI,555-0166,victor.nash@email.com,1992-11-25
67,Wendy Owens,6262 Hawthorn St,Manchester,NH,555-0167,wendy.owens@email.com,1981-01-14
68,Xavier Perry,6363 Ironwood St,Providence,RI,555-0168,xavier.perry@email.com,1986-02-27
69,Yvonne Quinn,6464 Jasmine St,Little Rock,AR,555-0169,yvonne.quinn@email.com,1977-03-19
70,Zachary Reed,6565 Koa St,Des Moines,IA,555-0170,zachary.reed@email.com,1989-04-23
71,Amanda Scott,6666 Linden St,Sioux Falls,SD,555-0171,amanda.scott@email.com,1983-05-17
72,Brian Taylor,6767 Maple St,Billings,MT,555-0172,brian.taylor@email.com,1991-06-29
73,Cynthia Underwood,6868 Nutmeg St,Fargo,ND,555-0173,cynthia.underwood@email.com,1980-07-12
74,Derek Vaughn,6969 Olive St,Portland,ME,555-0174,derek.vaughn@email.com,1987-08-25
75,Elaine Walker,7070 Palm St,Burlington,VT,555-0175,elaine.walker@email.com,1978-09-30
76,Frederick Young,7171 Quince St,Cheyenne,WY,555-0176,frederick.young@email.com,1984-10-18
77,Gina Zimmerman,7272 Sassafras St,Charleston,WV,555-0177,gina.zimmerman@email.com,1992-11-25
78,Hector Allen,7373 Tamarack St,Manchester,CT,555-0178,hector.allen@email.com,1981-01-14
79,Isabel Baker,7474 Umbrella St,Newark,NJ,555-0179,isabel.baker@email.com,1986-02-27
80,Jonas Carter,7575 Vine St,Las Cruces,NM,555-0180,jonas.carter@email.com,1977-03-19
81,Karen Davis,7676 Walnut St,Boise,ID,555-0181,karen.davis@email.com,1989-04-23
82,Luke Evans,7777 Yew St,Missoula,MT,555-0182,luke.evans@email.com,1983-05-17
83,Molly Foster,7878 Zelkova St,Anchorage,AK,555-0183,molly.foster@email.com,1991-06-29
84,Nina Grant,7979 Acacia St,Honolulu,HI,555-0184,nina.grant@email.com,1980-07-12
85,Owen Harris,8080 Buckeye St,Manchester,NH,555-0185,owen.harris@email.com,1987-08-25
86,Paula Ingram,8181 Catalpa St,Providence,RI,555-0186,paula.ingram@email.com,1978-09-30
87,Quentin Jones,8282 Date St,Little Rock,AR,555-0187,quentin.jones@email.com,1984-10-18
88,Rita Kelly,8383 Elder St,Des Moines,IA,555-0188,rita.kelly@email.com,1992-11-25
89,Simon Lee,8484 Fig St,Sioux Falls,SD,555-0189,simon.lee@email.com,1981-01-14
90,Tara Moore,8585 Gum St,Billings,MT,555-0190,tara.moore@email.com,1986-02-27
91,Uriel Neal,8686 Hawthorn St,Fargo,ND,555-0191,uriel.neal@email.com,1977-03-19
92,Vanessa Ortiz,8787 Ironwood St,Portland,ME,555-0192,vanessa.ortiz@email.com,1989-04-23
93,Walter Price,8888 Jasmine St,Burlington,VT,555-0193,walter.price@email.com,1983-05-17
94,Xena Ross,8989 Koa St,Cheyenne,WY,555-0194,xena.ross@email.com,1991-06-29
95,Yosef Smith,9090 Linden St,Charleston,WV,555-0195,yosef.smith@email.com,1980-07-12
96,Zara Thomas,9191 Maple St,Manchester,CT,555-0196,zara.thomas@email.com,1987-08-25
97,Adam Underwood,9292 Nutmeg St,Newark,NJ,555-0197,adam.underwood@email.com,1978-09-30
98,Beth Vaughn,9393 Olive St,Las Cruces,NM,555-0198,beth.vaughn@email.com,1984-10-18
99,Carl Walker,9494 Palm St,Boise,ID,555-0199,carl.walker@email.com,1992-11-25
100,Diana Young,9595 Quince St,Missoula,MT,555-0200,diana.young@email.com,1981-01-14